geo_point_2d,geo_shape,ambulancer,bikeage_gr,bike_age,bike_dir,bike_injur,bike_pos,bike_race,bike_sex,city,county,crashalcoh,crashday,crash_grp,crash_loc,crash_mont,crash_time,crash_type,crash_year,crsh_sevri,developmen,drvrage_gr,drvr_age,drvr_alc_d,drvr_estsp,drvr_injur,drvr_race,drvr_sex,drvr_vehty,excsspdind,hit_run,light_cond,locality,num_lanes,num_units,rd_charact,rd_class,rd_conditi,rd_config,rd_defects,rd_feature,rd_surface,rural_urba,speed_limi,traff_cntr,weather,workzone_i,,,,,
35.9100670923; -79.0745027481,"{""type"": ""Point"", ""coordinates"": [-79.07450274812246, 35.910067092258274]}",Yes,70+,70+,With Traffic,K: Killed,Travel Lane,White,Male,Carrboro,Orange,No,Saturday,Motorist Overtaking Bicyclist,Non-Intersection,July,10:12,Motorist Overtaking - Bicyclist Swerved,2011,K: Killed,Commercial,70+,70+,No,11-15 mph,O: No Injury,White,Male,Passenger Car,No,No,Daylight,Urban (>70% Developed),Unknown,2,Straight - Level,State Secondary Route,Dry,Two-Way, Not Divided,None,No Special Feature,Smooth Asphalt,Urban,20 - 25  MPH,No Control Present,Clear,No,,,,
36.0151171157; -79.0306027406,"{""type"": ""Point"", ""coordinates"": [-79.03060274056551, 36.01511711572332]}",No,20-24,24,With Traffic,C: Possible Injury,Travel Lane,White,Male,None - Rural Crash,Orange,No,Tuesday,Motorist Left Turn / Merge,Non-Intersection,February,17:11,Motorist Left Turn - Opposite Direction,2012,C: Possible Injury,Farms, Woods, Pastures,Unknown,Unknown,Missing,6-10 mph,Unknown Injury,Unknown/Missing,Unknown,Passenger Car,No,Yes,Daylight,Rural (<30% Developed),2 lanes,3,Straight - Level,State Secondary Route,Dry,Two-Way, Not Divided,None,Driveway, Private,Coarse Asphalt,Rural,40 - 45  MPH,Double Yellow Line, No Passing Zone,Clear,No
35.9889631116; -78.9887827261,"{""type"": ""Point"", ""coordinates"": [-78.98878272606501, 35.988963111638434]}",Yes,25-29,26,With Traffic,B: Evident Injury,Travel Lane,Black,Male,Durham,Durham,No,Tuesday,Motorist Overtaking Bicyclist,Non-Intersection,February,19:15,Motorist Overtaking - Other / Unknown,2008,B: Evident Injury,Residential,Unknown,Unknown,Missing,41-45 mph,Unknown Injury,Unknown/Missing,Unknown,Unknown,No,Yes,Dark - Roadway Not Lighted,Mixed (30% To 70% Developed),2 lanes,2,Straight - Level,State Secondary Route,Dry,Two-Way, Not Divided,None,No Special Feature,Smooth Asphalt,Urban,40 - 45  MPH,Double Yellow Line, No Passing Zone,Clear,No,,,
35.9110440926; -79.0661327455,"{""type"": ""Point"", ""coordinates"": [-79.066132745513, 35.91104409257926]}",No,Unknown,Unknown,Facing Traffic,C: Possible Injury,Sidewalk / Crosswalk / Driveway Crossing,Black,Male,Chapel Hill,Orange,No,Saturday,Motorist Failed to Yield - Sign-Controlled Intersection,Intersection,June,13:40,Motorist Drive Out - Sign-Controlled Intersection,2008,C: Possible Injury,Commercial,50-59,51,No,Unknown,O: No Injury,White,Female,Passenger Car,No,No,Daylight,Urban (>70% Developed),2 lanes,2,Straight - Level,Local Street,Dry,Two-Way, Not Divided,None,No Special Feature,Smooth Asphalt,Urban,20 - 25  MPH,Stop Sign,Clear,No,,,,
35.9180020935; -79.0745267483,"{""type"": ""Point"", ""coordinates"": [-79.07452674832831, 35.91800209354116]}",Yes,25-29,27,Not Applicable,C: Possible Injury,Driveway / Alley,White,Female,Carrboro,Orange,No,Friday,Loss of Control / Turning Error,Non-Intersection,November,21:44,Bicyclist Lost Control - Other / Unknown,2009,C: Possible Injury,Residential,20-24,23,No,0-5 mph,O: No Injury,White,Female,Passenger Car,No,No,Dark - Lighted Roadway,Urban (>70% Developed),2 lanes,2,Straight - Hillcrest,Local Street,Dry,Two-Way, Not Divided,None,No Special Feature,Smooth Asphalt,Urban,20 - 25  MPH,No Control Present,Clear,No,,,,
35.9903901087; -79.0729827518,"{""type"": ""Point"", ""coordinates"": [-79.07298275177433, 35.990390108748706]}",Yes,30-39,34,With Traffic,B: Evident Injury,Travel Lane,White,Male,None - Rural Crash,Orange,No,Friday,Motorist Left Turn / Merge,Non-Intersection,October,17:10,Motorist Left Turn - Opposite Direction,2007,B: Evident Injury,Farms, Woods, Pastures,0-19,18,No,11-15 mph,O: No Injury,White,Female,Passenger Car,No,No,Daylight,Mixed (30% To 70% Developed),2 lanes,2,Straight - Grade,State Secondary Route,Dry,Two-Way, Not Divided,None,Driveway, Private,Smooth Asphalt,Rural,30 - 35  MPH,No Control Present,Clear,No,
35.9121320931; -79.062517744,"{""type"": ""Point"", ""coordinates"": [-79.0625177440082, 35.91213209314764]}",Yes,20-24,20,With Traffic,C: Possible Injury,Unknown,White,Male,Chapel Hill,Orange,Yes,Sunday,Motorist Failed to Yield - Midblock,Non-Intersection,October,9:54,Motorist Drive Out - Commercial Driveway / Alley,2008,C: Possible Injury,Residential,20-24,22,Yes,0-5 mph,O: No Injury,White,Male,Sport Utility,No,No,Daylight,Urban (>70% Developed),2 lanes,2,Straight - Level,Public Vehicular Area,Dry,Two-Way, Not Divided,None,Driveway, Public,Smooth Asphalt,Urban,20 - 25  MPH,No Control Present,Clear,No,,,
35.9303770979; -79.0252027339,"{""type"": ""Point"", ""coordinates"": [-79.02520273386075, 35.93037709792932]}",Yes,30-39,33,With Traffic,C: Possible Injury,Travel Lane,White,Female,Chapel Hill,Orange,No,Sunday,Motorist Left Turn / Merge,Non-Intersection,September,10:50,Motorist Left Turn - Opposite Direction,2012,C: Possible Injury,Commercial,70+,70+,No,6-10 mph,O: No Injury,White,Female,Passenger Car,No,No,Daylight,Urban (>70% Developed),3 lanes,2,Straight - Level,Local Street,Dry,Two-Way, Not Divided,None,T-Intersection,Coarse Asphalt,Urban,20 - 25  MPH,No Control Present,Clear,No,,,,
35.9126920935; -79.0489927399,"{""type"": ""Point"", ""coordinates"": [-79.04899273988222, 35.912692093451724]}",No,16-19,19,With Traffic,B: Evident Injury,Travel Lane,White,Male,Chapel Hill,Orange,No,Wednesday,Motorist Left Turn / Merge,Intersection,August,19:25,Motorist Left Turn - Opposite Direction,2010,B: Evident Injury,Institutional,20-24,21,No,0-5 mph,O: No Injury,White,Male,Sport Utility,No,No,Daylight,Urban (>70% Developed),2 lanes,2,Straight - Grade,Local Street,Dry,Two-Way, Not Divided,None,No Special Feature,Smooth Asphalt,Urban,20 - 25  MPH,No Control Present,Clear,No,,,,
35.9227900944; -79.0888327525,"{""type"": ""Point"", ""coordinates"": [-79.08883275249661, 35.92279009440232]}",Yes,30-39,33,With Traffic,B: Evident Injury,Travel Lane,White,Female,Carrboro,Orange,No,Sunday,Motorist Left Turn / Merge,Intersection,December,12:09,Motorist Left Turn - Opposite Direction,2008,B: Evident Injury,Residential,70+,70+,No,16-20 mph,O: No Injury,White,Female,Passenger Car,No,No,Daylight,Urban (>70% Developed),2 lanes,2,Straight - Level,Local Street,Dry,Two-Way, Not Divided,None,T-Intersection,Smooth Asphalt,Urban,30 - 35  MPH,Missing,Clear,No,,,,
35.9050570922; -79.0480067394,"{""type"": ""Point"", ""coordinates"": [-79.04800673937484, 35.9050570921856]}",Yes,20-24,21,Unknown,B: Evident Injury,Multi-use Path,White,Male,Chapel Hill,Orange,No,Tuesday,Non-Roadway,Non-Roadway,December,18:48,Non-Roadway,2007,B: Evident Injury,Institutional,30-39,38,No,6-10 mph,O: No Injury,Asian,Male,Passenger Car,No,No,Dark - Lighted Roadway,Urban (>70% Developed),1 lane,2,Straight - Grade,Public Vehicular Area,Dry,One-Way, Not Divided,None,No Special Feature,Coarse Asphalt,Urban,5 - 15 MPH,No Control Present,Clear,No,,,,
36.0100771166; -78.9900027276,"{""type"": ""Point"", ""coordinates"": [-78.99000272756687, 36.01007711662527]}",Yes,40-49,41,With Traffic,B: Evident Injury,Travel Lane,White,Female,None - Rural Crash,Durham,No,Wednesday,Motorist Failed to Yield - Sign-Controlled Intersection,Intersection,September,8:40,Motorist Drive Out - Sign-Controlled Intersection,2011,B: Evident Injury,Farms, Woods, Pastures,70+,70+,No,6-10 mph,O: No Injury,White,Male,Passenger Car,No,No,Daylight,Rural (<30% Developed),2 lanes,2,Straight - Grade,State Secondary Route,Dry,Two-Way, Not Divided,None,Four-Way Intersection,Smooth Asphalt,Rural,40 - 45  MPH,Stop Sign,Clear,No,,
35.9160570939; -79.0480067397,"{""type"": ""Point"", ""coordinates"": [-79.04800673969231, 35.916057093923605]}",No,20-24,22,With Traffic,C: Possible Injury,Travel Lane,Unknown/Missing,Male,Chapel Hill,Orange,Yes,Thursday,Motorist Failed to Yield - Sign-Controlled Intersection,Intersection,May,23:09,Motorist Drive Out - Sign-Controlled Intersection,2007,C: Possible Injury,Residential,40-49,48,No,6-10 mph,O: No Injury,Black,Male,Sport Utility,No,No,Dark - Roadway Not Lighted,Urban (>70% Developed),4 lanes,2,Straight - Level,Local Street,Dry,Two-Way, Not Divided,None,No Special Feature,Smooth Asphalt,Urban,20 - 25  MPH,Stop Sign,Clear,No,,,,
35.9361370985; -79.0355427373,"{""type"": ""Point"", ""coordinates"": [-79.03554273729897, 35.93613709846183]}",Yes,11-15,12,Facing Traffic,B: Evident Injury,Sidewalk / Crosswalk / Driveway Crossing,White,Male,Chapel Hill,Orange,No,Tuesday,Motorist Failed to Yield - Sign-Controlled Intersection,Intersection,March,15:24,Motorist Drive Out - Sign-Controlled Intersection,2008,B: Evident Injury,Residential,40-49,49,No,0-5 mph,O: No Injury,White,Male,Passenger Car,No,No,Daylight,Urban (>70% Developed),2 lanes,2,Straight - Bottom,Local Street,Dry,Two-Way, Not Divided,None,T-Intersection,Smooth Asphalt,Urban,20 - 25  MPH,Stop Sign,Clear,No,,,,
36.0100571162; -78.9900427273,"{""type"": ""Point"", ""coordinates"": [-78.9900427273312, 36.010057116237476]}",No,30-39,37,With Traffic,B: Evident Injury,Travel Lane,White,Male,None - Rural Crash,Durham,No,Friday,Motorist Failed to Yield - Sign-Controlled Intersection,Intersection,August,18:00,Motorist Drive Out - Sign-Controlled Intersection,2010,B: Evident Injury,Farms, Woods, Pastures,70+,70+,No,0-5 mph,O: No Injury,White,Male,Sport Utility,No,No,Daylight,Rural (<30% Developed),2 lanes,2,Curve - Grade,State Secondary Route,Dry,Two-Way, Not Divided,None,Four-Way Intersection,Coarse Asphalt,Rural,40 - 45  MPH,Stop Sign,Clear,No,,
35.917644093; -79.0942627539,"{""type"": ""Point"", ""coordinates"": [-79.09426275387789, 35.91764409304694]}",Yes,25-29,29,With Traffic,B: Evident Injury,Travel Lane,White,Male,Carrboro,Orange,No,Wednesday,Bicyclist Failed to Yield - Signalized Intersection,Intersection,January,11:26,Bicyclist Failed to Clear - Multiple Threat,2008,B: Evident Injury,Commercial,50-59,52,No,26-30 mph,O: No Injury,Black,Female,Passenger Car,No,No,Daylight,Urban (>70% Developed),4 lanes,2,Curve - Hillcrest,NC Route,Dry,Two-Way, Divided, Unprotected Median,None,Four-Way Intersection,Smooth Asphalt,Urban,40 - 45  MPH,Stop And Go Signal,Clear,No,,,
35.9107670925; -79.0691027466,"{""type"": ""Point"", ""coordinates"": [-79.06910274659306, 35.91076709245438]}",Yes,20-24,24,Facing Traffic,B: Evident Injury,Travel Lane,White,Female,Carrboro,Orange,No,Tuesday,Crossing Paths - Other Circumstances,Intersection,March,22:44,Signalized Intersection - Other / Unknown,2012,B: Evident Injury,Commercial,25-29,26,No,0-5 mph,O: No Injury,White,Male,Sport Utility,No,No,Dark - Lighted Roadway,Urban (>70% Developed),2 lanes,2,Straight - Level,Local Street,Wet,Two-Way, Not Divided,None,Related To Intersection,Coarse Asphalt,Urban,20 - 25  MPH,Stop And Go Signal,Rain,No,,,,
35.9117270925; -79.0624127445,"{""type"": ""Point"", ""coordinates"": [-79.06241274448502, 35.91172709253124]}",Yes,25-29,25,With Traffic,B: Evident Injury,Travel Lane,White,Male,Chapel Hill,Orange,No,Saturday,Motorist Failed to Yield - Sign-Controlled Intersection,Intersection,July,12:04,Motorist Drive Out - Sign-Controlled Intersection,2009,B: Evident Injury,Commercial,50-59,54,No,0-5 mph,O: No Injury,Black,Male,Passenger Car,No,No,Daylight,Urban (>70% Developed),2 lanes,2,Straight - Grade,Local Street,Dry,Two-Way, Not Divided,None,T-Intersection,Smooth Asphalt,Urban,20 - 25  MPH,Stop Sign,Clear,No,,,,
35.9159370933; -79.0644027448,"{""type"": ""Point"", ""coordinates"": [-79.06440274480194, 35.915937093270955]}",No,Unknown,0,Facing Traffic,Unknown Injury,Travel Lane,Unknown/Missing,Unknown,Chapel Hill,Orange,No,Monday,Bicyclist Left Turn / Merge,Non-Intersection,April,18:27,Bicyclist Left Turn - Opposite Direction,2012,O: No Injury,Residential,25-29,27,No,31-35 mph,O: No Injury,White,Male,Passenger Car,No,No,Daylight,Urban (>70% Developed),1 lane,2,Curve - Grade,Local Street,Dry,Two-Way, Not Divided,None,No Special Feature,Smooth Asphalt,Urban,30 - 35  MPH,No Control Present,Clear,No,,,,
35.9219670942; -79.0718527471,"{""type"": ""Point"", ""coordinates"": [-79.07185274709, 35.921967094157516]}",Yes,20-24,23,With Traffic,O: No Injury,Travel Lane,White,Female,Carrboro,Orange,No,Friday,Motorist Failed to Yield - Midblock,Non-Intersection,August,20:06,Motorist Drive Out - Commercial Driveway / Alley,2008,O: No Injury,Residential,50-59,57,No,6-10 mph,O: No Injury,White,Male,Passenger Car,No,No,Dusk,Urban (>70% Developed),2 lanes,2,Straight - Level,Local Street,Dry,Two-Way, Not Divided,None,No Special Feature,Coarse Asphalt,Urban,30 - 35  MPH,Missing,Clear,No,,,,
35.920493095; -79.0517427412,"{""type"": ""Point"", ""coordinates"": [-79.05174274124697, 35.92049309496242]}",No,20-24,20,With Traffic,Unknown Injury,Travel Lane,White,Male,Chapel Hill,Orange,No,Saturday,Motorist Failed to Yield - Midblock,Non-Intersection,May,9:56,Motorist Drive Out - Residential Driveway,2008,O: No Injury,Residential,20-24,22,No,Unknown,O: No Injury,White,Male,Passenger Car,No,No,Daylight,Urban (>70% Developed),2 lanes,2,Straight - Grade,Local Street,Dry,Two-Way, Not Divided,None,No Special Feature,Smooth Asphalt,Urban,20 - 25  MPH,Missing,Cloudy,No,,,,
35.9116570929; -79.0626027443,"{""type"": ""Point"", ""coordinates"": [-79.06260274433822, 35.911657092877284]}",Yes,50-59,54,With Traffic,C: Possible Injury,Travel Lane,White,Male,Chapel Hill,Orange,No,Tuesday,Bicyclist Overtaking Motorist,Intersection-Related,November,17:25,Bicyclist Overtaking - Extended Door,2012,C: Possible Injury,Residential,30-39,31,No,0-5 mph,O: No Injury,White,Female,Passenger Car,No,No,Dark - Lighted Roadway,Urban (>70% Developed),2 lanes,2,Straight - Level,Local Street,Wet,Two-Way, Divided, Unprotected Median,None,No Special Feature,Smooth Asphalt,Urban,20 - 25  MPH,Double Yellow Line, No Passing Zone,Rain,No,,
35.927877096; -79.0676027463,"{""type"": ""Point"", ""coordinates"": [-79.06760274629634, 35.927877095975425]}",Yes,20-24,23,With Traffic,B: Evident Injury,Bike Lane / Paved Shoulder,White,Male,None - Rural Crash,Orange,No,Tuesday,Motorist Overtaking Bicyclist,Non-Intersection,April,9:52,Motorist Overtaking - Other / Unknown,2012,B: Evident Injury,Residential,Unknown,Unknown,No,31-35 mph,Unknown Injury,Unknown/Missing,Unknown,Unknown,No,Yes,Daylight,Rural (<30% Developed),2 lanes,2,Curve - Level,Local Street,Dry,Two-Way, Not Divided,Unknown,No Special Feature,Smooth Asphalt,Rural,30 - 35  MPH,No Control Present,Clear,No,,,,
35.9297270993; -78.9894027232,"{""type"": ""Point"", ""coordinates"": [-78.98940272323892, 35.929727099295604]}",Yes,40-49,49,With Traffic,C: Possible Injury,Travel Lane,White,Male,None - Rural Crash,Durham,No,Wednesday,Loss of Control / Turning Error,Intersection,September,9:58,Motorist Turning Error - Left Turn,2012,C: Possible Injury,Farms, Woods, Pastures,25-29,29,No,21-25 mph,O: No Injury,Black,Female,Passenger Car,No,No,Daylight,Rural (<30% Developed),3 lanes,2,Straight - Level,State Secondary Route,Dry,Two-Way, Not Divided,None,No Special Feature,Coarse Asphalt,Rural,40 - 45  MPH,Stop And Go Signal,Clear,No,,
35.8802220881; -78.9966427226,"{""type"": ""Point"", ""coordinates"": [-78.99664272258178, 35.88022208806041]}",Yes,50-59,53,With Traffic,B: Evident Injury,Travel Lane,White,Male,None - Rural Crash,Durham,No,Wednesday,Other / Unusual Circumstances,Non-Intersection,August,17:41,Motorist Intentionally Caused,2009,B: Evident Injury,Residential,20-24,22,No,41-45 mph,O: No Injury,Black,Male,Passenger Car,No,Yes,Daylight,Mixed (30% To 70% Developed),2 lanes,2,Straight - Level,State Secondary Route,Dry,Two-Way, Not Divided,None,No Special Feature,Smooth Asphalt,Rural,40 - 45  MPH,Double Yellow Line, No Passing Zone,Clear,No,,,
35.9292600975; -79.0340327369,"{""type"": ""Point"", ""coordinates"": [-79.03403273690124, 35.929260097465054]}",Yes,6-10,8,Unknown,B: Evident Injury,Sidewalk / Crosswalk / Driveway Crossing,Black,Female,Chapel Hill,Orange,No,Friday,Motorist Failed to Yield - Midblock,Non-Intersection,June,14:42,Motorist Drive Out - Residential Driveway,2009,B: Evident Injury,Commercial,30-39,32,No,0-5 mph,O: No Injury,White,Male,Van,No,No,Daylight,Urban (>70% Developed),2 lanes,2,Straight - Grade,Local Street,Dry,Two-Way, Not Divided,None,Driveway, Public,Smooth Asphalt,Urban,30 - 35  MPH,No Control Present,Clear,No,,,
35.9086970921; -79.0483027393,"{""type"": ""Point"", ""coordinates"": [-79.04830273927124, 35.9086970921484]}",No,16-19,18,With Traffic,B: Evident Injury,Travel Lane,White,Male,Chapel Hill,Orange,No,Thursday,Bicyclist Overtaking Motorist,Non-Intersection,January,17:13,Bicyclist Overtaking - Other / Unknown,2012,B: Evident Injury,Institutional,60-69,62,No,6-10 mph,O: No Injury,White,Male,Passenger Car,No,No,Daylight,Urban (>70% Developed),Unknown,2,Straight - Level,Public Vehicular Area,Dry,Two-Way, Not Divided,None,No Special Feature,Smooth Asphalt,Urban,5 - 15 MPH,No Control Present,Cloudy,No,,,,
35.935097099; -79.0294127358,"{""type"": ""Point"", ""coordinates"": [-79.02941273579928, 35.935097099032454]}",Yes,11-15,12,With Traffic,C: Possible Injury,Sidewalk / Crosswalk / Driveway Crossing,Black,Male,Chapel Hill,Orange,No,Wednesday,Bicyclist Failed to Yield - Signalized Intersection,Intersection,September,17:16,Bicyclist Failed to Clear - Trapped,2008,C: Possible Injury,Commercial,20-24,22,No,0-5 mph,O: No Injury,White,Female,Passenger Car,No,No,Daylight,Urban (>70% Developed),4 lanes,2,Straight - Level,Local Street,Dry,Two-Way, Divided, Unprotected Median,None,Four-Way Intersection,Smooth Asphalt,Urban,30 - 35  MPH,Stop And Go Signal,Clear,No,,,
35.9087600002; -79.0928,"{""type"": ""Point"", ""coordinates"": [-79.09280000000977, 35.908760000185445]}",Yes,25-29,27,With Traffic,B: Evident Injury,Bike Lane / Paved Shoulder,White,Female,Carrboro,Orange,No,Thursday,Motorist Overtaking Bicyclist,Non-Intersection,August,22:06,Motorist Overtaking - Other / Unknown,2013,B: Evident Injury,Residential,Unknown,Unknown,Missing,31-35 mph,Unknown Injury,Unknown/Missing,Unknown,Unknown,No,Yes,Dark - Lighted Roadway,Mixed (30% To 70% Developed),2 lanes,2,Straight - Level,Local Street,Dry,Two-Way, Not Divided,None,No Special Feature,Smooth Asphalt,Urban,30 - 35  MPH,No Control Present,Clear,No,,,,
35.8709299996; -79.0685999996,"{""type"": ""Point"", ""coordinates"": [-79.06859999963113, 35.87092999961733]}",Yes,40-49,41,With Traffic,K: Killed,Travel Lane,Black,Male,None - Rural Crash,Orange,Yes,Thursday,Motorist Overtaking Bicyclist,Non-Intersection,September,23:35,Motorist Overtaking - Other / Unknown,2013,K: Killed,Farms, Woods, Pastures,Unknown,Unknown,No,61-65 mph,Unknown Injury,Unknown/Missing,Unknown,Unknown,Yes,Yes,Dark - Roadway Not Lighted,Rural (<30% Developed),4 lanes,3,Straight - Level,US Route,Dry,Two-Way, Divided, Unprotected Median,None,No Special Feature,Smooth Asphalt,Rural,40 - 45  MPH,No Control Present,Clear,No,
35.9374800989; -79.0503227415,"{""type"": ""Point"", ""coordinates"": [-79.05032274147085, 35.9374800988954]}",Yes,6-10,10,With Traffic,B: Evident Injury,Travel Lane,Black,Male,Chapel Hill,Orange,No,Thursday,Bicyclist Failed to Yield - Sign-Controlled Intersection,Intersection,October,15:13,Bicyclist Ride Through - Sign-Controlled Intersection,2010,B: Evident Injury,Residential,20-24,21,No,16-20 mph,O: No Injury,White,Male,Single Unit Truck (2-Axle, 6-Tire),No,No,Daylight,Rural (<30% Developed),2 lanes,2,Straight - Level,Local Street,Dry,Two-Way, Not Divided,None,Four-Way Intersection,Coarse Asphalt,Urban,20 - 25  MPH,Stop Sign,Clear,No,,,
35.9615211037; -79.0551177441,"{""type"": ""Point"", ""coordinates"": [-79.05511774412379, 35.96152110373503]}",No,16-19,19,Facing Traffic,B: Evident Injury,Sidewalk / Crosswalk / Driveway Crossing,White,Male,Chapel Hill,Orange,No,Thursday,Crossing Paths - Other Circumstances,Intersection,June,12:51,Sign-Controlled Intersection - Other / Unknown,2008,B: Evident Injury,Residential,Unknown,Unknown,Missing,0-5 mph,Unknown Injury,Unknown/Missing,Unknown,Unknown,No,Yes,Daylight,Urban (>70% Developed),2 lanes,2,Straight - Level,Local Street,Dry,Two-Way, Not Divided,None,No Special Feature,Smooth Asphalt,Urban,Unknown,Stop Sign,Clear,No,,,,
35.9093570932; -79.0269027337,"{""type"": ""Point"", ""coordinates"": [-79.02690273368188, 35.909357093223385]}",No,40-49,48,With Traffic,C: Possible Injury,Bike Lane / Paved Shoulder,White,Male,Chapel Hill,Orange,No,Monday,Motorist Overtaking Bicyclist,Non-Intersection,May,13:14,Motorist Overtaking - Misjudged Space,2011,C: Possible Injury,Commercial,Unknown,Unknown,Missing,41-45 mph,Unknown Injury,Unknown/Missing,Unknown,Unknown,No,Yes,Daylight,Urban (>70% Developed),4 lanes,2,Straight - Level,US Route,Dry,Two-Way, Divided, Unprotected Median,None,On or Off Ramp,Concrete,Urban,40 - 45  MPH,No Control Present,Clear,No,,,
35.9109370928; -79.0673027457,"{""type"": ""Point"", ""coordinates"": [-79.06730274566631, 35.9109370928245]}",Yes,50-59,51,Facing Traffic,C: Possible Injury,Sidewalk / Crosswalk / Driveway Crossing,Black,Male,Carrboro,Orange,No,Monday,Motorist Failed to Yield - Midblock,Non-Intersection,September,14:09,Motorist Drive Out - Commercial Driveway / Alley,2011,C: Possible Injury,Commercial,40-49,42,No,11-15 mph,O: No Injury,White,Male,Pickup,No,No,Daylight,Urban (>70% Developed),4 lanes,2,Straight - Level,Unknown,Dry,Two-Way, Not Divided,None,Driveway, Public,Smooth Asphalt,Urban,30 - 35  MPH,No Control Present,Clear,No,,,
35.9156790936; -79.0573827427,"{""type"": ""Point"", ""coordinates"": [-79.0573827426931, 35.91567909356852]}",Yes,25-29,25,Facing Traffic,B: Evident Injury,Travel Lane,White,Male,Chapel Hill,Orange,No,Friday,Crossing Paths - Other Circumstances,Intersection,August,21:55,Crossing Paths - Uncontrolled Intersection,2008,B: Evident Injury,Residential,20-24,20,No,6-10 mph,O: No Injury,White,Male,Passenger Car,No,No,Dark - Lighted Roadway,Urban (>70% Developed),2 lanes,2,Straight - Level,Local Street,Dry,Two-Way, Not Divided,None,T-Intersection,Smooth Asphalt,Urban,20 - 25  MPH,No Control Present,Cloudy,No,,,,
35.9021470911; -79.0442727384,"{""type"": ""Point"", ""coordinates"": [-79.0442727384287, 35.90214709107797]}",Yes,20-24,21,With Traffic,B: Evident Injury,Travel Lane,White,Male,Chapel Hill,Orange,No,Wednesday,Motorist Left Turn / Merge,Intersection,September,10:52,Motorist Left Turn - Opposite Direction,2009,B: Evident Injury,Institutional,40-49,40,No,6-10 mph,Unknown Injury,Black,Male,Pickup,No,No,Unknown,Urban (>70% Developed),6 lanes,2,Straight - Bottom,Local Street,Dry,Two-Way, Divided, Unprotected Median,None,No Special Feature,Smooth Asphalt,Urban,20 - 25  MPH,No Control Present,Clear,No,,,
35.9110100003; -79.072,"{""type"": ""Point"", ""coordinates"": [-79.07200000001718, 35.91101000029831]}",Yes,30-39,37,With Traffic,C: Possible Injury,Travel Lane,White,Male,Carrboro,Orange,No,Saturday,Bicyclist Overtaking Motorist,Non-Intersection,March,19:03,Bicyclist Overtaking - Passing on Right,2013,C: Possible Injury,Commercial,20-24,20,No,0-5 mph,O: No Injury,White,Female,Passenger Car,No,No,Daylight,Urban (>70% Developed),3 lanes,2,Straight - Level,Local Street,Dry,Two-Way, Not Divided,None,Four-Way Intersection,Coarse Asphalt,Urban,20 - 25  MPH,Stop And Go Signal,Clear,No,,,,
35.9085270923; -79.0529027408,"{""type"": ""Point"", ""coordinates"": [-79.05290274075288, 35.90852709226568]}",Yes,16-19,18,With Traffic,B: Evident Injury,Sidewalk / Crosswalk / Driveway Crossing,Black,Female,Chapel Hill,Orange,No,Wednesday,Bicyclist Failed to Yield - Signalized Intersection,Intersection,December,10:41,Bicyclist Failed to Clear - Multiple Threat,2012,B: Evident Injury,Institutional,25-29,26,No,0-5 mph,O: No Injury,White,Female,Sport Utility,No,No,Daylight,Urban (>70% Developed),3 lanes,2,Straight - Level,Local Street,Dry,Two-Way, Not Divided,None,No Special Feature,Smooth Asphalt,Urban,20 - 25  MPH,Stop And Go Signal,Cloudy,No,,,,
35.9125000004; -79.0721999998,"{""type"": ""Point"", ""coordinates"": [-79.07219999978639, 35.91250000037073]}",Yes,50-59,57,Facing Traffic,C: Possible Injury,Sidewalk / Crosswalk / Driveway Crossing,Black,Male,Carrboro,Orange,No,Wednesday,Motorist Failed to Yield - Midblock,Non-Intersection,November,8:19,Motorist Drive Out - Commercial Driveway / Alley,2013,C: Possible Injury,Commercial,60-69,66,No,0-5 mph,O: No Injury,White,Male,Passenger Car,No,No,Daylight,Urban (>70% Developed),Unknown,2,Straight - Level,Public Vehicular Area,Dry,Two-Way, Not Divided,None,Driveway, Public,Smooth Asphalt,Urban,Unknown,No Control Present,Clear,No,,,
35.8985020883; -79.1079227576,"{""type"": ""Point"", ""coordinates"": [-79.10792275758902, 35.898502088327156]}",Yes,30-39,33,With Traffic,C: Possible Injury,Travel Lane,White,Female,None - Rural Crash,Orange,No,Thursday,Motorist Overtaking Bicyclist,Non-Intersection,September,13:43,Motorist Overtaking - Other / Unknown,2008,C: Possible Injury,Farms, Woods, Pastures,50-59,53,No,41-45 mph,O: No Injury,White,Male,Pickup,No,No,Daylight,Rural (<30% Developed),2 lanes,2,Curve - Grade,State Secondary Route,Dry,Two-Way, Not Divided,None,No Special Feature,Smooth Asphalt,Rural,40 - 45  MPH,Double Yellow Line, No Passing Zone,Clear,No,
35.9106740925; -79.0542627417,"{""type"": ""Point"", ""coordinates"": [-79.05426274165018, 35.91067409248638]}",Yes,20-24,21,With Traffic,B: Evident Injury,Travel Lane,White,Female,Chapel Hill,Orange,Yes,Thursday,Motorist Failed to Yield - Signalized Intersection,Intersection,August,16:15,Motorist Drive Through - Signalized Intersection,2009,B: Evident Injury,Institutional,20-24,22,Yes,11-15 mph,O: No Injury,White,Male,Passenger Car,No,No,Daylight,Urban (>70% Developed),Unknown,2,Straight - Grade,Local Street,Dry,One-Way, Not Divided,None,No Special Feature,Coarse Asphalt,Urban,20 - 25  MPH,Stop And Go Signal,Clear,No,,,,